coin_name,symbol,price_usd,market_cap,volume_24h,volume_change_24h,pct_change_1h,pct_change_24h,pct_change_7d,pct_change_30d,pct_change_60d,pct_change_90d,coin_type,platform,category,primary_signal,signal_strength,overall_score,composite_score,change_momentum,momentum_acceleration,risk_adjusted_momentum,price_volatility,volatility_risk,liquidity_risk,concentration_risk,nvt_score,mvrv_score,scarcity_score,efficiency_score,momentum_consistency,inv_momentum_score,inv_value_score,inv_risk_score,inv_activity_score,inv_network_score,date_added,last_updated,max_supply,circulating_supply,total_supply,annual_inflation,stock_to_flow,price_tier,momentum_category,risk_level,days_since_added,momentum_score,risk_score,investment_score,predicted_signal,potential_return
Moonchain,MCH,0.018841684400444828,4700058.173690963,108780.44863165,258.0444,0.178624,-0.66430059,203866.28276242,15331.04588193,24998.07652463,4582.68782347,meme,BNB Smart Chain (BEP20),Small,STRONG_BUY,100,672822.24,672822.24,1.06,-22839.341684413666,1.06,96103.6,0.0,100.0,70,99.41,100,6.02,100.0,98.78,672772.92,24.91,8.8,15.0,0.6,2025-09-01 07:34:22+00:00,2026-02-11 04:48:34.568000+00:00,999999999.0,249450000.0,999999999.0,24.95,0.08,Low,Neutral,Low Risk,162,-2224.87,59.0,-490.07,SELL,0.59
Smilek to the Bank,SMILEK,1.2220920002815288e-05,23939573.172205236,21512.52116576,361.2654,-0.35842936,1384.38158788,161561.33983532,110488.75685037,108156.73731022,88043.27876314,crypto,BNB Smart Chain (BEP20),Small,STRONG_BUY,100,535945.87,535945.87,1.07,-21180.003173945475,1.07,75836.64,0.0,8.99,70,84.76,100,6.02,8.99,98.9,535917.87,22.71,3.34,1.35,0.6,2021-06-03 00:00:00+00:00,2026-02-11 04:48:34.568000+00:00,2008932945814.0,1958901062006.0,2008932945814.0,97.51,0.0,Micro,Neutral,Low Risk,1714,-2058.72,36.25,-463.32,SELL,0.69
Donkey King,DOKY,0.0016986167852632388,14734756.56534953,0.0,-100.0,-0.02182546,2051.95156386,184505.2310438,128233.77671525,120609.12978287,108621.72891755,meme,BNB Smart Chain (BEP20),Small,BUY,100,501526.55,501526.55,1.07,-24189.039067135,1.07,86497.01,0.0,0.0,70,0.0,100,6.02,0.0,98.93,501513.15,10.0,2.8,0.0,0.6,2024-05-06 10:43:36+00:00,2026-02-11 04:48:34.568000+00:00,0.0,8674561969.0,8674561969.0,0.0,1.0,Low,Neutral,Low Risk,645,-2359.61,34.0,-540.0,SELL,0.69
Beers,BEER,285832.6600706098,0.0,315610.02582749,3.3294,25.04445464,1686.31924221,56970.66458124,1524264655.4235315,2106487049.6032052,3101358900.963902,meme,BNB Smart Chain (BEP20),Small,STRONG_BUY,100,191449.6,191449.6,1.1,-50814820.5889182,1.1,26461.55,0.0,100.0,70,100.0,100,6.02,100.0,99.15,191400.19,25.0,8.8,15.0,0.6,2024-07-09 03:50:16+00:00,2026-02-11 04:48:34.568000+00:00,45000000000.0,0.0,45000000000.0,0.0,1.0,High,Neutral,Low Risk,582,-5081422.15,59.0,-1270289.39,SELL,0.99
APES,APES,0.006916451431824146,6916416.455329256,11214.21213226,131.9494,-0.37152603,2943.11954795,39134.28720371,22289.22408323,20266.82865079,24337.02765686,crypto,BNB Smart Chain (BEP20),Small,STRONG_BUY,100,135026.36,135026.36,1.15,-4608.664703949715,1.15,17795.09,0.01,16.21,70,91.55,100,6.02,16.21,99.61,134995.82,23.73,3.77,2.43,0.6,2024-08-19 17:54:49+00:00,2026-02-11 04:48:34.568000+00:00,999999775.0,999994943.0,999994943.0,100.0,0.01,Low,Neutral,Low Risk,540,-399.9,38.06,-47.44,SELL,1.49
MAGA,PEOPLE,3.066520226214257,0.0,127865.80133413,3.0364,5.08537778,1888.58720782,32156.77705111,6943154.4844005,5520085.16570842,926362.92808992,meme,BNB Smart Chain (BEP20),Small,STRONG_BUY,100,109938.32,109938.32,1.13,-234690.61736544967,1.13,14732.59,0.01,100.0,70,100.0,100,6.02,100.0,99.46,109888.92,25.0,8.8,15.0,0.6,2024-07-03 11:27:43+00:00,2026-02-11 04:48:34.568000+00:00,500000000000.0,0.0,500000000000.0,0.0,1.0,Medium,Neutral,Low Risk,587,-23408.51,59.0,-5785.98,SELL,1.29
GameStop Coin,GME,432.05475469171216,0.0,220782.06606126,-13.0678,17.78754308,1249.68210775,28589.00481967,51214169.02184206,79836714.24081115,39263424.30241013,meme,BNB Smart Chain (BEP20),Small,STRONG_BUY,100,79308.64,79308.64,1.11,-1710091.6180976874,1.11,13187.83,0.01,100.0,70,100.0,100,6.02,100.0,99.3,79259.24,25.0,8.8,15.0,0.6,2024-07-31 08:57:21+00:00,2026-02-11 04:48:34.568000+00:00,420000000000.0,0.0,420000000000.0,0.0,1.0,High,Neutral,Low Risk,559,-170949.02,59.0,-42671.1,SELL,1.09
Wojak (wojaketh),WOJAK,2.9814744724000915e-05,2069284.210302696,7619460.22521791,205.7706,-5.53305237,-29.42475364,18009.74004996,-77.7797805,-78.25979164,-82.63553412,meme,Ethereum,Small,STRONG_BUY,100,59428.68,59428.68,1.06,-1974.1062156894286,1.06,8498.12,0.01,100.0,70,100.0,100,6.02,100.0,98.76,59379.28,25.0,8.8,15.0,0.6,2023-04-18 06:44:21+00:00,2026-02-11 04:48:34.568000+00:00,69420000000.0,69404726737.0,69420000000.0,99.98,0.0,Micro,Neutral,Low Risk,1029,-138.35,59.0,31.56,HOLD,0.59
KnockOut Games,GG,0.0028050050726878594,2805005.0698828544,0.0,-100.0,0.0,-4.49475858,21027.85439639,16.06634428,26.76691293,115.68749059,crypto,Solana,Small,BUY,100,56794.05,56794.05,1.06,-2304.228372782524,1.06,9913.69,0.01,0.0,70,0.0,100,6.02,0.0,98.78,56780.65,10.0,2.8,0.0,0.6,2025-09-25 16:16:33+00:00,2026-02-11 04:48:34.568000+00:00,999999999.0,999999999.0,999999999.0,100.0,0.0,Low,Neutral,Low Risk,138,-171.36,34.0,7.06,SELL,0.59
NOT,CAT,15780.57466790178,0.0,212089.899821,0.7271,26.18557815,1416.06525778,11030.54011589,13937645.98670253,2765702.75755518,1176341279.8041754,meme,BNB Smart Chain (BEP20),Small,STRONG_BUY,100,39315.02,39315.02,1.22,-465594.01129452273,1.22,4892.92,0.02,100.0,70,100.0,100,6.02,100.0,99.92,39265.62,25.0,8.8,15.0,0.6,2024-07-31 05:51:37+00:00,2026-02-11 04:48:34.568000+00:00,100000000000.0,0.0,100000000000.0,0.0,1.0,High,Bullish,Low Risk,559,-46497.06,59.01,-11558.12,SELL,2.2
Matr1x,MAX,0.03530938174581414,4608580.505463662,8363.37633997,11.059,-23.87336715,185.41589326,8264.62797012,60.18384996,2379.92533775,905.86651208,crypto,Ethereum,Small,STRONG_BUY,100,27663.61,27663.61,1.08,-880.6916831651428,1.08,3858.85,0.03,18.15,70,92.45,100,6.02,18.15,99.1,27632.52,23.87,3.89,2.72,0.6,2024-08-02 05:10:43+00:00,2026-02-11 04:48:34.568000+00:00,800000000.0,130520000.0,800000000.0,16.31,0.22,Low,Neutral,Low Risk,557,-28.54,38.55,45.71,HOLD,0.79
The Game Company,GMRT,0.0187662099366817,6080615.885884167,10448.49384311,-16.1382,27.90804583,5601.68495723,4004.41399702,1543.98858388,1815.52681032,914.23425657,crypto,Base,Small,STRONG_BUY,100,19978.37,19978.37,1.57,310.1957461822857,1.57,2343.57,0.04,17.18,70,92.03,100,6.02,17.18,38.74,19947.55,23.8,3.84,2.58,0.6,2025-02-04 09:10:28+00:00,2026-02-11 04:48:34.568000+00:00,1000000000.0,324019389.4452062,1000000000.0,32.4,0.06,Low,Bullish,Low Risk,371,81.42,38.31,73.04,STRONG_BUY,2.21
Opus Genesis,OPUS,0.0029834632913944958,2983275.950784039,2693.34330013,-79.9378,0.00416922,-0.7032225,7012.88823851,-64.56409584,-32.05012771,-57.85425254,crypto,Solana,Small,STRONG_BUY,100,18974.49,18974.49,1.06,-766.0265594754762,1.06,3306.07,0.03,9.03,70,84.83,100,6.02,9.03,98.78,18946.46,22.72,3.34,1.35,0.6,2025-01-06 15:36:33+00:00,2026-02-11 04:48:34.568000+00:00,0.0,999937207.0,999937207.0,0.0,1.0,Low,Neutral,Low Risk,400,-17.54,36.27,46.98,HOLD,0.59
NULS,NULS,0.0035982209878309573,411065.77509742696,0.0,0.0,0.0102834,6128.04076714,277.0719702,-23.30669298,-15.21652686,-6.07323316,crypto,Native,Small,BUY,100,10709.21,10709.21,0.7,845.8653073831429,0.7,2825.74,0.04,0.0,70,0.0,100,6.02,0.0,0.0,10695.81,10.0,2.8,0.0,0.6,2017-10-25 00:00:00+00:00,2026-02-11 04:48:34.568000+00:00,210000000.0,114241392.20121147,133444356.39010653,54.4,0.01,Low,Bearish,Low Risk,3031,107.42,34.01,76.75,STRONG_BUY,-1.5
XenBitcoin,XBTC,69329.83220218716,0.0,707697.55652814,-32.5037,-0.00378264,2527.71574271,1865.15011457,49460.52985948,-23.28337406,202198.78642696,crypto,PulseChain,Small,STRONG_BUY,100,9211.17,9211.17,1.58,-1491.8604255722378,1.58,1070.16,0.09,100.0,70,100.0,100,6.02,100.0,41.16,9161.76,25.0,8.81,15.0,0.6,2023-06-02 08:11:04+00:00,2026-02-11 04:48:34.568000+00:00,21000000.0,0.0,10500000.0,0.0,1.0,High,Bullish,Low Risk,984,-97.87,59.03,39.31,HOLD,2.39
Groestlcoin,GRS,0.09164199095651,8194803.598409697,0.14571077,0.0,-0.01731261,1247.25776609,1247.25776609,-34.28809265,-42.8599256,-56.63518527,crypto,Native,Small,BUY,100,5433.92,5433.92,1.7,42.71819529133333,1.7,587.97,0.17,0.0,70,0.0,100,6.02,0.0,62.86,5420.5,10.0,2.82,0.0,0.6,2014-04-11 00:00:00+00:00,2026-02-11 04:48:34.568000+00:00,105000000.0,89421928.88736624,89421928.88736624,85.16,0.11,Low,Bullish,Low Risk,4324,64.29,25.82,53.5,BUY,4.4
PEPE,TRUMP,0.00011833272908912778,0.0,199976.90056297,-4.1759,30.67506044,1047.60138355,842.06287915,322.35362445,72037.14313308,52867.3585041,meme,BNB Smart Chain (BEP20),Small,STRONG_BUY,100,4085.38,4085.38,1.69,46.68628530904763,1.69,439.03,0.23,100.0,70,100.0,100,6.02,100.0,46.84,4035.96,25.0,8.82,15.0,0.6,2024-06-18 07:05:31+00:00,2026-02-11 04:48:34.568000+00:00,21000000000000.0,0.0,21000000000000.0,0.0,1.0,Micro,Bullish,Low Risk,602,59.7,47.86,65.0,BUY,3.94
Robinhood,HOOD,0.00035916384655849834,0.0,22598.75701677,-4.5933,3175.02716165,-16.57351013,-99.63756878,-43.50726721,-94.8325174,-83.28158936,crypto,Base,Small,BUY,100,3199.07,3199.07,0.38,9.99528404052381,0.38,1524.49,0.07,100.0,70,100.0,100,6.02,100.0,0.0,3149.66,25.0,8.81,15.0,0.6,2025-07-09 07:28:01+00:00,2026-02-11 04:48:34.568000+00:00,1000000000000.0,0.0,1000000000000.0,0.0,1.0,Micro,Bearish,Low Risk,216,17.97,59.02,50.24,HOLD,-3.1
I love puppies,PUPPIES,2.09413042320877e-10,0.0,283093.03473509,15.872,-1.73405331,368.68103669,697.37096103,883.98010911,568.84090146,877.97977416,meme,Ethereum,Small,STRONG_BUY,100,3109.69,3109.69,1.61,-53.17600841314285,1.61,285.58,0.35,100.0,70,100.0,100,6.02,100.0,92.03,3060.25,25.0,8.83,15.0,0.6,2025-09-30 09:20:02+00:00,2026-02-11 04:48:34.568000+00:00,4.2069e+17,0.0,4.2069e+17,0.0,1.0,Micro,Bullish,Low Risk,133,61.81,44.83,63.06,BUY,24.07
Ondo DeFAI,ONDOAI,0.000159920932792487,159920.932792487,161.59978274,0.0,0.0045427,700.65931556,700.69351044,399.7077892,399.7077892,399.7077892,crypto,Ethereum,Small,STRONG_BUY,100,3087.71,3087.71,1.7,10.027972391809527,1.7,330.3,0.3,10.1,70,86.44,100,6.02,10.1,62.87,3059.19,22.97,3.44,1.52,0.6,2025-01-24 07:39:14+00:00,2026-02-11 04:48:34.568000+00:00,0.0,1000000000.0,1000000000.0,0.0,1.0,Micro,Bullish,Low Risk,382,61.03,23.24,48.05,HOLD,14.94
PEPE AI (pepeai.one),PEPE,0.0005324116617074271,0.0,250282.50780858,6.3467,4.30811039,798.73626962,404.02292034,-50.57639148,554.88843177,-50.76900716,meme,BNB Smart Chain (BEP20),Small,STRONG_BUY,100,2998.15,2998.15,1.36,71.5409317197143,1.36,324.33,0.31,100.0,70,100.0,100,6.02,100.0,15.91,2948.71,25.0,8.83,15.0,0.6,2025-04-17 06:34:41+00:00,2026-02-11 04:48:34.568000+00:00,30000000000.0,0.0,30000000000.0,0.0,1.0,Micro,Bullish,Low Risk,299,46.86,45.6,58.87,BUY,2.01
TRUMP MAGA,MAGA,0.0005081034996726933,0.0,142529.89103156,14.6753,34.73550424,306.1437081,616.81816406,64.89307115,-24.12278465,163.72982414,meme,Base,Small,STRONG_BUY,100,2769.39,2769.39,1.71,-25.984562040142844,1.71,237.81,0.42,100.0,70,100.0,100,6.02,100.0,94.65,2719.94,25.0,8.84,15.0,0.6,2025-09-22 06:30:14+00:00,2026-02-11 04:48:34.568000+00:00,28000000000.0,0.0,28000000000.0,0.0,1.0,Micro,Bullish,Low Risk,141,67.14,43.9,63.51,BUY,35.24
Wolfies,PACK,0.00019334134373801565,0.0,61477.43266731,-22.7441,-1.03551034,-2.13352157,909.24145927,16.55142945,-31.11123767,-51.0649446,crypto,Cronos,Small,STRONG_BUY,100,2512.48,2512.48,1.06,-100.44009150695236,1.06,429.37,0.23,100.0,70,100.0,100,6.02,100.0,98.77,2463.06,25.0,8.82,15.0,0.6,2025-05-26 06:39:39+00:00,2026-02-11 04:48:34.568000+00:00,10000000000.0,0.0,10000000000.0,0.0,1.0,Micro,Neutral,Low Risk,260,49.02,47.67,57.64,BUY,0.84
Franklin,FRANKLIN,1.00453856324041e-10,0.0,56918.85912436,-0.7462,-17.70732025,100.95356836,721.54398895,1091.11146665,105805.51200323,163375.16855285,meme,BNB Smart Chain (BEP20),Small,STRONG_BUY,100,2166.58,2166.58,1.2,-100.97469029333334,1.2,324.16,0.31,100.0,70,100.0,100,6.02,100.0,100.0,2117.14,25.0,8.83,15.0,0.6,2025-12-09 20:50:02+00:00,2026-02-11 04:48:34.568000+00:00,4.2e+17,0.0,4.2e+17,0.0,1.0,Micro,Bullish,Low Risk,63,51.9,45.59,57.64,BUY,7.03
FARTCOIN (fartcoin.one),FARTCOIN,0.0020278322882880447,0.0,759673.31840868,0.5187,122.48391391,625.07545417,181.79177828,882.39637251,253.63420564,175.17351019,meme,BNB Smart Chain (BEP20),Small,STRONG_BUY,100,2076.78,2076.78,1.35,39.9727529385238,1.35,224.26,0.44,100.0,70,100.0,100,6.02,100.0,0.0,2027.33,25.0,8.84,15.0,0.6,2025-04-24 07:32:14+00:00,2026-02-11 04:48:34.568000+00:00,5000000000.0,0.0,5000000000.0,0.0,1.0,Low,Bullish,Low Risk,292,38.75,43.64,54.37,HOLD,9.65
Doodipals,DOODI,0.00021052260300565768,194970.00087082744,571763.86916631,13.4691,-17.64039636,-20.37108782,577.76766757,601.59446762,641.86439171,460.80644985,crypto,Solana,Small,STRONG_BUY,100,1904.36,1904.36,0.99,-86.24262029547619,0.99,281.32,0.35,100.0,70,100.0,100,6.02,100.0,98.72,1854.92,25.0,8.84,15.0,0.6,2025-09-19 12:35:22+00:00,2026-02-11 04:48:34.568000+00:00,961099841.9,926123837.0,961099841.9,96.36,0.0,Micro,Neutral,Low Risk,144,49.14,44.75,56.29,BUY,-0.43
Synternet,SYNT,0.0004697099852538123,307855.70414183434,3636.26877533,-61.3965,-0.00714543,-8.97354002,663.48068526,-62.18078711,-89.33740977,-93.20062005,crypto,Ethereum,Small,STRONG_BUY,100,1838.65,1838.65,1.04,-71.8761735800476,1.04,314.91,0.32,100.0,70,98.84,100,6.02,100.0,98.6,1789.39,24.83,8.83,15.0,0.6,2024-07-04 12:57:25+00:00,2026-02-11 04:48:34.568000+00:00,2500000000.0,655416563.0,1178448500.0,26.22,0.0,Micro,Neutral,Low Risk,586,51.46,45.41,56.57,BUY,1.46
IRISnet,IRIS,0.004988334184161191,8146922.540476731,110644.73868437,0.8196,0.90088024,837.73885144,13.19753156,441.8216213,706.87897701,516.37880542,crypto,Native,Small,STRONG_BUY,100,1772.53,1772.53,0.66,103.50414746771429,0.66,391.62,0.25,100.0,70,98.99,100,6.02,100.0,0.0,1723.25,24.85,8.83,15.0,0.6,2019-04-18 00:00:00+00:00,2026-02-11 04:48:34.568000+00:00,0.0,1633195018.5584188,2144419257.1080406,31.3,0.02,Low,Bearish,Low Risk,2491,32.45,46.92,51.39,HOLD,-3.68
Book of Meme 3.0,BOME,7.521341474014107e-09,0.0,165039.49172925,-6.4161,94.93009703,707.48063342,88.02220569,181.87297762,-98.25568584,-99.46250407,meme,Ethereum,Small,STRONG_BUY,100,1558.99,1558.99,0.95,85.36570203995238,0.95,290.4,0.34,100.0,70,100.0,100,6.02,100.0,0.0,1509.56,25.0,8.83,15.0,0.6,2024-10-09 05:31:05+00:00,2026-02-11 04:48:34.568000+00:00,4.2e+17,0.0,4.2e+17,0.0,1.0,Micro,Neutral,Low Risk,489,35.95,44.93,51.92,HOLD,-1.05
Friend.tech,FRIEND,0.050687758282299704,0.0,13699.63190741,25.7844,29.25053895,716.89945808,-1.42997362,9.53738174,66.49962617,-64.05050102,meme,Base,Small,STRONG_BUY,100,1522.63,1522.63,0.66,102.25291173085716,0.66,331.63,0.3,100.0,70,100.0,100,6.02,100.0,0.0,1473.2,25.0,8.83,15.0,0.6,2024-05-03 09:13:58+00:00,2026-02-11 04:48:34.568000+00:00,0.0,0.0,14598835.1,1459883510.0,0.0,Low,Bearish,Low Risk,648,32.32,45.74,50.79,HOLD,-5.72
Splendor,SPLD,2.483026032196007,0.0,1016488.68449201,14.3789,-1.23377117,34.50756697,413.37356378,747.48744886,754.54029214,789.59734995,crypto,Native,Small,STRONG_BUY,100,1505.74,1505.74,1.16,-65.26084333266665,1.16,187.59,0.53,100.0,70,100.0,100,6.02,100.0,99.69,1456.28,25.0,8.85,15.0,0.6,2025-10-28 04:42:17+00:00,2026-02-11 04:48:34.568000+00:00,26000000000.0,0.0,26000000000.0,0.0,1.0,Medium,Neutral,Low Risk,106,54.65,42.94,56.74,BUY,9.97
KIRA,KEX,0.0032749133763906404,673211.0579360108,0.0,-100.0,0.0,-14.47398588,555.8745855,-55.12259806,-53.90099811,-67.98709068,crypto,Native,Small,BUY,100,1503.22,1503.22,1.03,-61.11179455466666,1.03,265.52,0.38,0.0,70,0.0,100,6.02,0.0,98.41,1489.78,10.0,2.84,0.0,0.6,2020-09-07 00:00:00+00:00,2026-02-11 04:48:34.568000+00:00,300000000.0,205566065.591015,300000000.0,68.52,0.0,Low,Neutral,Low Risk,1983,52.29,19.44,39.67,HOLD,1.38
[Fake]COINBASE,COIN,35.63476468475439,0.0,410270.55035909,20.68,-4.78757459,250.96438123,273.87375757,83.10919147,144.9839289,-27.36047289,meme,Base,Small,STRONG_BUY,100,1475.7,1475.7,1.67,3.0860508214285693,1.67,126.31,0.79,100.0,70,100.0,100,6.02,100.0,68.45,1426.22,25.0,8.88,15.0,0.6,2025-06-06 09:45:24+00:00,2026-02-11 04:48:34.568000+00:00,270000000.0,0.0,270000000.0,0.0,1.0,Medium,Bullish,Low Risk,249,61.46,41.8,58.52,BUY,34.28
GoChain,GO,0.0006088416216206962,816989.5568007397,692.76296178,-51.4881,-0.1385597,465.73482175,227.41988083,-12.83577001,102.0590493,-70.43219743,crypto,Native,Small,STRONG_BUY,100,1424.17,1424.17,1.33,42.05351325466666,1.33,190.21,0.52,8.48,70,83.84,100,6.02,8.48,14.24,1396.36,22.58,3.36,1.27,0.6,2018-06-13 00:00:00+00:00,2026-02-11 04:48:34.568000+00:00,0.0,1341875338.0,1341875338.0,0.0,1.0,Micro,Bullish,Low Risk,2800,42.86,20.11,38.67,HOLD,2.91
LABUBU (labubu.farm),LABUBU,0.007540654842298532,0.0,74529.14986922,-42.9791,-12.67589609,369.19484683,279.69189333,1866.25563257,-46.28697855,90.26154936,meme,Base,Small,STRONG_BUY,100,1418.89,1418.89,1.52,-40.09932176038095,1.52,163.07,0.61,100.0,70,100.0,100,6.02,100.0,43.84,1369.43,25.0,8.86,15.0,0.6,2025-07-31 08:31:32+00:00,2026-02-11 04:48:34.568000+00:00,1000000000.0,0.0,1000000000.0,0.0,1.0,Low,Bullish,Low Risk,194,47.01,42.47,54.64,BUY,15.36
Ani Grok Companion (anicompanion.org),ANI,5.187761935550765e-05,0.0,341788.36227674,56.7554,-8.05328736,252.16127891,255.75382642,-87.82936918,-68.29604384,-93.09371634,meme,Base,Small,STRONG_BUY,100,1413.36,1413.36,1.63,10.939552113809523,1.63,123.52,0.8,100.0,70,100.0,100,6.02,100.0,63.78,1363.88,25.0,8.88,15.0,0.6,2025-07-30 06:50:13+00:00,2026-02-11 04:48:34.568000+00:00,21000000000.0,0.0,21000000000.0,0.0,1.0,Micro,Bullish,Low Risk,195,60.11,41.75,58.01,BUY,30.25
[Fake] Test (testtoken.me),TST,8.475974938221311e-05,0.0,49261.7090097,-23.0032,44.88025782,685.28183225,60.45221435,60.94387318,48.22434125,317.26704501,meme,BNB Smart Chain (BEP20),Small,STRONG_BUY,100,1393.01,1393.01,0.82,89.24498535804761,0.82,298.29,0.33,100.0,70,100.0,100,6.02,100.0,0.0,1343.58,25.0,8.83,15.0,0.6,2025-02-18 09:08:24+00:00,2026-02-11 04:48:34.568000+00:00,0.0,0.0,100000000000.0,10000000000000.0,0.0,Micro,Neutral,Low Risk,357,33.96,45.08,50.91,HOLD,-3.63
Crypto-Altcoins.com,ALTS,2.1086994021529206e-05,28050.774166566825,2612.19384442,0.0,-6.87272531,74.95390775,421.15446264,124.82435934,217.95917358,-46.15235619,crypto,Solana,Small,STRONG_BUY,100,1326.53,1326.53,1.25,-39.57955201714286,1.25,185.52,0.54,100.0,70,99.85,100,6.02,100.0,99.97,1277.1,24.98,8.85,15.0,0.6,2019-12-10 00:00:00+00:00,2026-02-11 04:48:34.568000+00:00,1534000000.0,1330240533.0,1534000000.0,86.72,0.0,Micro,Bullish,Low Risk,2255,58.95,42.9,57.28,BUY,15.72
Grayscale,GRAYSCALE,1.3403424878108987e-06,0.0,256528.54102973,-16.3299,-10.09646797,312.68084531,238.11514313,181.64998308,121.87105317,-54.83755758,crypto,Base,Small,STRONG_BUY,100,1217.98,1217.98,1.53,12.534415170238095,1.53,137.98,0.72,100.0,70,100.0,100,6.02,100.0,44.16,1168.51,25.0,8.87,15.0,0.6,2025-07-14 10:23:22+00:00,2026-02-11 04:48:34.568000+00:00,1000000000000.0,0.0,1000000000000.0,0.0,1.0,Micro,Bullish,Low Risk,211,52.55,42.01,55.49,BUY,16.95
CeluvPlay,CELB,0.0007248512509290707,173058.23615931562,13750.63152396,17.3177,6.00042798,50.3241346,310.11907457,4216.49683612,274.54843298,529.30724745,crypto,BNB Smart Chain (BEP20),Small,STRONG_BUY,100,1207.62,1207.62,1.28,-167.3261549045238,1.28,134.14,0.74,100.0,70,99.83,100,6.02,100.0,99.98,1158.17,24.97,8.87,15.0,0.6,2025-08-27 05:32:34+00:00,2026-02-11 04:48:34.568000+00:00,5000000000.0,238750000.0,5000000000.0,4.78,0.02,Micro,Bullish,Low Risk,167,46.73,41.94,54.01,BUY,20.48
ClubCoin,CLUB,0.005996199063501587,0.0,52355.67062266,0.0,-0.00147901,234.21821028,234.21821028,20.48187442,20.48187442,20.48187442,crypto,Native,Small,STRONG_BUY,100,1093.68,1093.68,1.7,7.124544528666666,1.7,110.41,0.9,100.0,70,100.0,100,6.02,100.0,62.86,1044.19,25.0,8.89,15.0,0.6,2015-12-21 00:00:00+00:00,2026-02-11 04:48:34.568000+00:00,160000000.0,0.0,103748265.908557,0.0,1.0,Low,Bullish,Low Risk,3705,60.73,41.52,57.24,BUY,34.29
Furfication,FUR,0.0005776749081808367,0.0,231182.0860577,-23.5689,21.01001817,262.0548477,199.28086265,2892.02926497,421.16720105,111.58912479,meme,Base,Small,STRONG_BUY,100,1068.1,1068.1,1.79,-80.79056792733334,1.79,102.1,0.97,100.0,70,100.0,100,6.02,100.0,41.33,1018.6,25.0,8.9,15.0,0.6,2025-04-24 07:26:26+00:00,2026-02-11 04:48:34.568000+00:00,10000000000.0,0.0,10000000000.0,0.0,1.0,Micro,Bullish,Low Risk,292,47.13,41.38,53.78,BUY,25.98
Don't Buy Inu,DBI,0.00013888060635656942,0.0,9522.14444842,0.0,-1.19470287,200.45465113,236.95028389,122.35410346,70.2509731,54.81107631,meme,Ethereum,Small,STRONG_BUY,100,1045.08,1045.08,1.7,-1.3937891418571433,1.7,104.73,0.95,100.0,70,100.0,100,6.02,100.0,73.29,995.58,25.0,8.89,15.0,0.6,2022-11-02 05:04:29+00:00,2026-02-11 04:48:34.568000+00:00,2000000000.0,0.0,1448126999.8,0.0,1.0,Micro,Bullish,Low Risk,1196,63.01,41.43,57.67,BUY,40.56
MSTR,MSTR,0.874090110753321,0.0,211120.61682841,-37.0318,28.46189712,225.40823686,208.62922546,-70.18381487,-45.8711737,487.85130021,crypto,Base,Small,STRONG_BUY,100,1044.5,1044.5,1.99,11.690769639571428,1.99,89.15,1.11,100.0,70,100.0,100,6.02,100.0,56.7,994.99,25.0,8.91,15.0,0.6,2024-11-27 06:40:16+00:00,2026-02-11 04:48:34.568000+00:00,10000000000.0,0.0,10000000000.0,0.0,1.0,Low,Bullish,Medium Risk,440,64.66,41.17,58.12,BUY,46.12
BlackRock,IBIT,0.048494918534569983,0.0,88794.473887,-28.3599,-0.61799915,291.25282377,180.97361382,495.90183569,912.90263816,533.9492214,crypto,Base,Small,STRONG_BUY,100,1038.97,1038.97,1.48,5.2565654543333356,1.48,120.34,0.82,100.0,70,100.0,100,6.02,100.0,29.2,989.49,25.0,8.88,15.0,0.6,2025-07-14 10:27:38+00:00,2026-02-11 04:48:34.568000+00:00,155000000.0,0.0,155000000.0,0.0,1.0,Low,Bullish,Low Risk,211,46.42,41.69,53.47,BUY,10.64
Tonomy,TONO,1.8511703902883024e-06,0.0,148225.30392876,7.9716,52.37766357,215.17606441,114.98034027,-81.42928316,-93.50371436,-97.03839776,crypto,Base,Small,STRONG_BUY,100,959.77,959.77,1.98,20.860662324809525,1.98,67.05,1.47,100.0,70,100.0,100,6.02,100.0,2.36,910.22,25.0,8.95,15.0,0.6,2025-12-11 14:00:01+00:00,2026-02-11 04:48:34.568000+00:00,50000000000.0,0.0,50000000000.0,0.0,1.0,Micro,Bullish,Medium Risk,61,49.09,40.86,54.02,BUY,2.0
SORA GROK,GROK,1.1254124860907646,0.0,145390.77728316,0.0,-35.18742415,279.79270076,155.73776757,3472.03814248,16934.42780625,72118.14459438,crypto,Ethereum,Small,STRONG_BUY,100,910.23,910.23,1.19,-92.82121251747617,1.19,129.55,0.77,100.0,70,100.0,100,6.02,100.0,27.46,860.75,25.0,8.88,15.0,0.6,2024-10-16 05:43:19+00:00,2026-02-11 04:48:34.568000+00:00,100000000000.0,0.0,100000000000.0,0.0,1.0,Medium,Neutral,Low Risk,482,30.77,41.86,49.14,HOLD,3.87
PENGU AI,PENGU,6.7052991611039045e-06,0.0,133096.33319713,1.4627,866.3938163,0.66699559,-99.86615758,480.33001534,-99.99299813,-97.7115713,meme,Base,Small,BUY,100,880.13,880.13,0.28,-4.977993406380952,0.28,433.75,0.23,100.0,70,100.0,100,6.02,100.0,0.0,830.7,25.0,8.82,15.0,0.6,2025-08-19 13:29:55+00:00,2026-02-11 04:48:34.568000+00:00,10000000000.0,0.0,10000000000.0,0.0,1.0,Micro,Bearish,Low Risk,175,14.64,47.76,44.14,HOLD,-4.77
Tesla (buytesla.net),TSLA,77.47614231293596,0.0,264712.13430656,-8.8429,-34.7927878,221.62012111,177.67853272,419.33282567,150.9877683,-56.58387409,meme,Base,Small,STRONG_BUY,100,876.94,876.94,1.33,-1.777773328333331,1.33,111.96,0.89,100.0,70,100.0,100,6.02,100.0,49.59,827.45,25.0,8.89,15.0,0.6,2025-07-21 09:30:51+00:00,2026-02-11 04:48:34.568000+00:00,100000.0,0.0,100000.0,0.0,1.0,Medium,Bullish,Low Risk,204,49.08,41.55,53.67,BUY,12.7
apM Coin,APM,0.0006606489175611126,1197426.1630795165,0.0,0.0,0.0,44.92108255,273.29159359,-37.34334129,-35.72269522,-67.30377565,crypto,Ethereum,Small,BUY,100,851.08,851.08,1.25,-22.269860890666664,1.25,119.66,0.83,0.0,70,0.0,100,6.02,0.0,100.0,837.6,10.0,2.88,0.0,0.6,2019-12-27 00:00:00+00:00,2026-02-11 04:48:34.568000+00:00,0.0,1812500000.0,1812500000.0,0.0,1.0,Micro,Bullish,Low Risk,2238,60.69,16.68,40.22,HOLD,19.02
Changex,CHANGE,0.0007685228403038924,0.0,11167.50521712,57.9443,-0.12875151,148.00897175,138.93880522,-44.25482112,-44.3589496,-44.70383578,crypto,Ethereum,Small,STRONG_BUY,100,833.07,833.07,1.68,7.402192287047618,1.68,67.8,1.45,100.0,70,100.0,100,6.02,100.0,58.52,783.53,25.0,8.95,15.0,0.6,2022-07-21 10:13:49+00:00,2026-02-11 04:48:34.568000+00:00,425000000.0,0.0,399834838.425489,0.0,1.0,Micro,Bullish,Medium Risk,1300,59.09,40.86,56.14,BUY,34.4
CryptoBlades Kingdoms,KING,6.79054460120215e-05,0.0,31050.47781838,284.8233,0.00931507,144.44783418,136.76154235,2.29174083,11.40738984,67.35160573,crypto,BNB Smart Chain (BEP20),Small,STRONG_BUY,100,818.97,818.97,1.68,5.5803684073333315,1.68,66.35,1.48,100.0,70,100.0,100,6.02,100.0,59.11,769.42,25.0,8.95,15.0,0.6,2021-10-02 19:13:10+00:00,2026-02-11 04:48:34.568000+00:00,1000000000.0,0.0,1000000000.0,0.0,1.0,Micro,Bullish,Medium Risk,1592,59.09,40.84,56.1,BUY,34.86
Port3 Network,PORT3,0.0016967734926612232,1175677.4615151647,2816903.7765466,54.9436,-2.0411052,13.07358693,197.92011157,-15.52208173,-37.43622341,-95.67836547,crypto,BNB Smart Chain (BEP20),Small,STRONG_BUY,100,749.74,749.74,1.13,-19.29190660047619,1.13,90.91,1.09,100.0,70,99.99,100,6.02,100.0,99.61,700.23,25.0,8.91,15.0,0.6,2024-01-15 01:19:42+00:00,2026-02-11 04:48:34.568000+00:00,1000000000.0,692890044.9,1000000000.0,69.29,0.0,Low,Neutral,Medium Risk,758,58.67,41.2,55.74,BUY,10.59
Edu3Labs,NFE,0.0012587228221854821,131379.249464265,10236.3965378,17.0051,0.00436686,55.89889109,169.05835056,35.48710225,32.12311526,-20.05131057,meme,BNB Smart Chain (BEP20),Small,STRONG_BUY,100,747.26,747.26,1.44,-11.71326212347619,1.44,70.32,1.4,100.0,70,99.82,100,6.02,100.0,98.49,697.75,24.97,8.94,15.0,0.6,2024-03-15 15:10:59+00:00,2026-02-11 04:48:34.568000+00:00,900000000.0,104375043.61457054,899599999.28,11.6,0.01,Low,Bullish,Medium Risk,697,64.77,40.9,57.3,BUY,37.24
Goku Super Saiyan,GOKU,0.0008598687394434549,0.0,582196.07044385,934.88,-1.99642527,138.5143995,111.28280408,28.39235431,46.44061244,-8.82638105,meme,Solana,Small,STRONG_BUY,100,719.34,719.34,1.59,6.653242909476189,1.59,60.84,1.62,100.0,70,100.0,100,6.02,100.0,47.59,669.78,25.0,8.96,15.0,0.6,2025-02-11 06:58:39+00:00,2026-02-11 04:48:34.568000+00:00,0.0,0.0,999995926.0,99999592600.0,0.0,Micro,Bullish,Medium Risk,364,54.09,40.78,54.56,BUY,24.66
Nelore Coin,NLC,0.000717065378896269,0.0,92821.98207409,-1.2723,-0.58891424,44.5747908,196.68139532,195.14846669,36.71373231,-24.66828902,crypto,BNB Smart Chain (BEP20),Small,STRONG_BUY,100,679.85,679.85,1.32,-21.678417310428575,1.32,84.39,1.17,100.0,70,100.0,100,6.02,100.0,99.79,630.33,25.0,8.92,15.0,0.6,2022-06-30 09:28:43+00:00,2026-02-11 04:48:34.568000+00:00,1000000000.0,0.0,1000000000.0,0.0,1.0,Micro,Bullish,Medium Risk,1321,61.97,41.1,56.37,BUY,26.54
Base AI,BASE,0.00011473199695114137,0.0,237304.17791136,-29.3433,-24.59982548,243.34929003,73.48018617,-72.99296792,260.23443938,144.53239893,crypto,Base,Small,STRONG_BUY,100,637.81,637.81,0.95,29.149453306809523,0.95,110.69,0.9,100.0,70,100.0,100,6.02,100.0,0.27,588.32,25.0,8.89,15.0,0.6,2025-09-02 12:34:02+00:00,2026-02-11 04:48:34.568000+00:00,21000000000.0,0.0,21000000000.0,0.0,1.0,Micro,Neutral,Low Risk,161,30.41,41.53,48.29,HOLD,-0.01
3space Art,PACE,0.008686636578353482,626927.6931265248,9118.21956345,-5.3592,-0.31674808,25.80499513,191.39876421,49.27210743,216.29070776,19.38846227,crypto,Ethereum,Small,STRONG_BUY,100,634.08,634.08,1.22,-18.918697499714284,1.22,84.89,1.16,100.0,70,99.06,100,6.02,100.0,99.95,584.71,24.86,8.92,15.0,0.6,2022-03-07 02:50:16+00:00,2026-02-11 04:48:34.568000+00:00,100000000.0,72171511.66295902,100000000.0,72.17,0.01,Low,Bullish,Medium Risk,1437,60.46,41.1,55.85,BUY,18.26
Bitcoin Plus,XBC,1.601002831431858,453212.45097445446,503.01704774,1348.6321,-1.48655726,85.65673916,116.59880388,43.82077915,28.62549024,-7.73772335,crypto,Native,Small,STRONG_BUY,100,614.42,614.42,1.67,-1.994360802333334,1.67,50.0,1.96,11.1,70,87.66,100,16.46,11.1,80.47,584.3,23.15,3.66,1.66,1.65,2014-05-04 00:00:00+00:00,2026-02-11 04:48:34.568000+00:00,1000000.0,283080.35568502,283080.35568502,28.31,5.66,Medium,Bullish,Medium Risk,4301,64.56,18.46,42.43,HOLD,48.52
WAR,WAR,0.04053364628016451,40533646.28016451,11481088.45932032,0.8793,2.00783074,18.78454999,145.37917189,61621.11297679,61621.11297679,61621.11297679,meme,Solana,Small,STRONG_BUY,100,595.79,595.79,1.23,-2067.2760728157145,1.23,64.0,1.54,100.0,70,99.95,100,6.02,100.0,99.88,546.24,24.99,8.95,15.0,0.6,2026-01-23 14:41:30+00:00,2026-02-11 04:48:34.568000+00:00,1000000000.0,1000000000.0,1000000000.0,100.0,0.04,Low,Bullish,Medium Risk,18,-144.22,40.82,4.61,SELL,20.03
CyberFi Token,CFi,0.08201935137746243,196846.44330590984,0.0,0.0,0.0,0.0,205.93905488,-38.2669155,-39.91935234,-46.80290172,crypto,Ethereum,Small,BUY,100,594.15,594.15,1.06,-21.279665970190475,1.06,97.08,1.02,0.0,70,0.0,100,6.02,0.0,98.78,580.64,10.0,2.9,0.0,0.6,2020-11-17 00:00:00+00:00,2026-02-11 04:48:34.568000+00:00,0.0,2400000.0,2400000.0,0.0,1.0,Low,Neutral,Medium Risk,1912,56.94,16.3,38.57,HOLD,4.78
Brainedge,LEARN,0.009603912166708372,0.0,17543.08959675,39.4782,-1.31589785,-4.85911236,163.46444352,7.57782824,-20.10724858,-25.83052761,crypto,Ethereum,Small,STRONG_BUY,100,589.83,589.83,1.02,-18.850001759238097,1.02,78.53,1.26,100.0,70,100.0,100,6.02,100.0,98.48,540.3,25.0,8.93,15.0,0.6,2025-05-09 04:48:55+00:00,2026-02-11 04:48:34.568000+00:00,1000000000.0,0.0,1000000000.0,0.0,1.0,Low,Neutral,Medium Risk,278,56.36,41.01,54.71,BUY,1.66
50501movement,50501,0.0001828690230664638,0.0,388646.61887145,-10.349,-13.36341584,215.24986174,67.62982171,-44.78636903,119.54325488,375.72352859,crypto,Base,Small,STRONG_BUY,100,589.81,589.81,1.01,24.835783505142853,1.01,94.64,1.05,100.0,70,100.0,100,6.02,100.0,0.0,540.31,25.0,8.9,15.0,0.6,2025-06-27 07:10:38+00:00,2026-02-11 04:48:34.568000+00:00,50501000000.0,0.0,50501000000.0,0.0,1.0,Micro,Neutral,Medium Risk,228,31.0,41.26,48.33,HOLD,0.41
D,D,1.759005254405119e-05,0.0,255292.68974448,-7.4199,25.32672229,335.59272263,-23.33849981,-58.63994713,514.50730261,1.8022601,meme,BNB Smart Chain (BEP20),Small,STRONG_BUY,100,576.45,576.45,0.59,52.45260383066667,0.59,158.98,0.63,100.0,70,100.0,100,6.02,100.0,0.0,526.98,25.0,8.86,15.0,0.6,2025-05-29 07:57:20+00:00,2026-02-11 04:48:34.568000+00:00,69000000000.0,0.0,69000000000.0,0.0,1.0,Micro,Bearish,Low Risk,257,26.06,42.4,46.88,HOLD,-13.98
Huobi Token,HT,0.22967953661880128,0.0,142923.76423833,852.9641,-2.28289083,26.61130306,126.78670424,9.77557831,32.51738837,-17.39367616,crypto,Ethereum,Small,STRONG_BUY,100,544.09,544.09,1.28,-10.410400732809524,1.28,55.31,1.78,100.0,70,100.0,100,6.02,100.0,99.83,494.51,25.0,8.98,15.0,0.6,2018-02-03 00:00:00+00:00,2026-02-11 04:48:34.568000+00:00,500000000.0,0.0,203980445.0,0.0,1.0,Low,Bullish,Medium Risk,2930,62.37,40.73,56.12,BUY,24.86
pippin,PIPPIN,0.4025515926700921,402550084.3092744,62455877.57522652,34.8074,2.35167064,28.17586044,123.27373943,7.65657907,23.98339841,1094.33568483,meme,Solana,Small,STRONG_BUY,100,543.44,543.44,1.36,-9.731505938952381,1.36,52.0,1.89,100.0,70,99.91,100,6.02,100.0,99.88,493.86,24.99,8.99,15.0,0.6,2025-01-06 15:45:53+00:00,2026-02-11 04:48:34.568000+00:00,0.0,999996253.0,999996253.0,0.0,1.0,Low,Bullish,Medium Risk,400,63.92,40.7,56.51,BUY,32.22
Cherry AI,AIBOT,0.0015628638751766944,346174.34835163783,516825.71550983,-4.1145,-0.82428992,113.28529837,100.12602981,-53.35976696,40.98187954,-21.52052927,crypto,BNB Smart Chain (BEP20),Small,STRONG_BUY,100,534.23,534.23,1.65,6.9960887342380955,1.65,50.97,1.92,100.0,70,99.99,100,6.02,100.0,54.32,484.63,25.0,8.99,15.0,0.6,2025-08-11 06:18:57+00:00,2026-02-11 04:48:34.568000+00:00,1000000000.0,221500000.0,1000000000.0,22.15,0.01,Low,Bullish,Medium Risk,183,57.24,40.69,54.81,BUY,31.71
DEXGame,DXGM,0.00029641698218357604,187619.97808351807,9365.11246528,-1.9569,1.67030647,10.81000909,160.47685564,58.84633751,0.70774928,-8.83201927,crypto,Ethereum,Small,STRONG_BUY,100,527.8,527.8,1.15,-17.993294140904762,1.15,72.8,1.35,100.0,70,99.73,100,6.02,100.0,99.45,478.3,24.96,8.94,15.0,0.6,2021-12-04 04:08:09+00:00,2026-02-11 04:48:34.568000+00:00,1000000000.0,632959612.17,1000000000.0,63.3,0.0,Micro,Neutral,Medium Risk,1530,59.12,40.93,55.22,BUY,12.75
SKPANAX,SKX,0.04274728017378339,0.0,235059.75803383,6.1839,-0.67998898,37.29701376,111.12169323,-75.00815468,-80.29313857,-91.53875676,crypto,Polygon,Small,STRONG_BUY,100,518.27,518.27,1.44,-4.342054517761905,1.44,46.42,2.11,100.0,70,100.0,100,6.02,100.0,98.31,468.66,25.0,9.01,15.0,0.6,2024-08-06 17:34:14+00:00,2026-02-11 04:48:34.568000+00:00,100000000.0,0.0,100000000.0,0.0,1.0,Low,Bullish,Medium Risk,553,65.46,40.67,56.82,BUY,39.24
Veloce,VEXT,9.990252305984391e-05,21626.93838877419,0.0,0.0,0.0,0.0,176.52254895,50.071594,-54.36919325,-92.1600656,meme,Ethereum,Small,BUY,100,514.74,514.74,1.06,-21.002475161190475,1.06,83.21,1.19,0.0,70,0.0,100,6.02,0.0,98.78,501.22,10.0,2.92,0.0,0.6,2023-09-04 10:04:03+00:00,2026-02-11 04:48:34.568000+00:00,300000000.0,216480402.36,300000000.0,72.16,0.0,Micro,Neutral,Medium Risk,890,56.97,16.08,38.37,HOLD,4.94
Billards Hub,8BALL,0.08965567294678803,0.0,73398.31133701,4.75,-0.10108663,0.47377026,133.19863181,197.29180894,-99.99996424,-99.99996424,crypto,Solana,Small,STRONG_BUY,100,512.58,512.58,1.06,-21.097133744809522,1.06,62.7,1.57,100.0,70,100.0,100,6.02,100.0,98.84,463.02,25.0,8.96,15.0,0.6,2025-04-24 07:29:17+00:00,2026-02-11 04:48:34.568000+00:00,5000000000.0,0.0,5000000000.0,0.0,1.0,Low,Neutral,Medium Risk,292,56.97,40.8,54.66,BUY,5.19
DRUNK ROBOTS,METAL,6.5409298309289e-05,47048.895192011914,0.0,-100.0,-0.01650317,-18.99494257,185.83443259,-36.8972765,-42.78727555,-47.32136457,crypto,Polygon,Small,BUY,100,495.8,495.8,0.94,-21.83694900557143,0.94,92.41,1.07,0.0,70,0.0,100,6.02,0.0,97.13,482.29,10.0,2.91,0.0,0.6,2022-01-24 07:24:22+00:00,2026-02-11 04:48:34.568000+00:00,0.0,719299800.0,2750000000.0,282.32,0.0,Micro,Neutral,Medium Risk,1478,54.19,16.22,37.6,HOLD,-4.75
Formula 1,CHAMPAGNE,0.00048067882372148496,0.0,178276.275414,15.8032,0.10540835,-36.71428614,152.62734488,2935.60025745,76.56033733,111.40337599,meme,BNB Smart Chain (BEP20),Small,STRONG_BUY,100,490.23,490.23,0.8,-119.81456818376189,0.8,81.97,1.21,100.0,70,100.0,100,6.02,100.0,94.26,440.71,25.0,8.92,15.0,0.6,2025-07-15 04:23:46+00:00,2026-02-11 04:48:34.568000+00:00,5000000000.0,0.0,5000000000.0,0.0,1.0,Micro,Neutral,Medium Risk,211,40.96,41.06,50.55,BUY,-15.76
RZTO,RZTO,0.000230857460837512,0.0,89989.24455321,185.6631,-8.62304203,15.63058185,113.64711988,-61.02313505,-87.55124664,-89.967408,crypto,Solana,Small,STRONG_BUY,100,465.5,465.5,1.13,-8.180020744714287,1.13,52.86,1.86,100.0,70,100.0,100,6.02,100.0,99.95,415.91,25.0,8.99,15.0,0.6,2025-10-21 07:05:07+00:00,2026-02-11 04:48:34.568000+00:00,10000000000.0,0.0,10000000000.0,0.0,1.0,Micro,Neutral,Medium Risk,112,59.88,40.71,55.26,BUY,11.62
Power Protocol,POWER,0.3734633569353232,78427304.95641787,62579118.36514516,199.2757,1.14828529,36.46587503,92.30501719,154.13162973,68.52421697,361.25455816,crypto,Ethereum,Small,STRONG_BUY,100,458.48,458.48,1.53,-10.037907393238095,1.53,37.53,2.6,100.0,70,99.98,100,8.88,100.0,97.18,408.54,25.0,9.06,15.0,0.89,2025-12-02 09:59:07+00:00,2026-02-11 04:48:34.568000+00:00,1000000000.0,210000000.0,1000000000.0,21.0,1.78,Low,Bullish,Medium Risk,70,66.2,40.66,56.83,BUY,47.64
ShibaBitcoin,SBBTC,99.93912073307006,11651258.552940669,70795.78153883,758.3083,0.0008143,122.2539018,42.37391712,47.82000837,58.34001087,63.5451355,meme,BNB Smart Chain (BEP20),Small,STRONG_BUY,100,455.89,455.89,1.14,11.229890007857142,1.14,50.69,1.93,60.76,70,97.75,100,80.0,60.76,0.0,407.48,24.66,6.64,9.11,8.0,2024-04-26 11:08:10+00:00,2026-02-11 04:48:34.568000+00:00,1000000000.0,116583.56074655,1000000000.0,0.01,9993.91,Medium,Neutral,Medium Risk,655,32.02,30.88,41.89,HOLD,6.29
Singularry,SINGULARRY,0.020941867290777978,0.0,28868.66797335,86.8964,1.75337601,38.66335579,87.92023078,126.65002969,155.80070977,89.57789228,crypto,BNB Smart Chain (BEP20),Small,STRONG_BUY,100,449.57,449.57,1.58,-8.327689724142857,1.58,35.3,2.75,100.0,70,100.0,100,6.02,100.0,95.97,399.89,25.0,9.08,15.0,0.6,2026-01-22 02:02:51+00:00,2026-02-11 04:48:34.568000+00:00,1000000000.0,0.0,1000000000.0,0.0,1.0,Low,Bullish,Medium Risk,20,66.92,40.67,56.98,BUY,51.73
Collect on Fanable,COLLECT,0.07129990309255961,38288047.96070451,12890546.18561365,-6.9422,-0.45293423,12.49425823,129.72734902,-10.09757516,154.79622834,154.79622834,crypto,BNB Smart Chain (BEP20),Small,STRONG_BUY,100,445.2,445.2,1.17,-12.086753592571426,1.17,58.55,1.68,100.0,70,99.96,100,6.02,100.0,99.78,395.64,24.99,8.97,15.0,0.6,2025-12-24 12:05:04+00:00,2026-02-11 04:48:34.568000+00:00,3000000000.0,537000000.0,3000000000.0,17.9,0.4,Low,Neutral,Medium Risk,48,60.17,40.76,55.26,BUY,14.98
CRT AI Network,CRTAI,8.414666019113893e-05,29695.435647606828,11517.33719644,88.987,-0.12010122,67.41535261,69.18982366,23.19494656,9.84284678,5.45830105,crypto,BNB Smart Chain (BEP20),Small,STRONG_BUY,100,443.71,443.71,1.7,1.2796667057142852,1.7,32.26,3.01,100.0,70,99.96,100,6.02,100.0,64.59,394.01,24.99,9.1,15.0,0.6,2025-01-02 06:11:32+00:00,2026-02-11 04:48:34.568000+00:00,0.0,352900942.0,560000000.0,58.68,0.0,Micro,Bullish,High Risk,404,60.67,40.7,55.39,BUY,42.3
Reploy,RAI,0.06819530171769898,681953.0171769898,752253.85170295,1.7366,14.31404199,27.30963032,84.47411745,-22.35476529,-46.60356671,-61.46704333,crypto,Ethereum,Small,STRONG_BUY,100,434.32,434.32,1.75,-4.605392546285714,1.75,30.48,3.18,100.0,70,99.99,100,6.02,100.0,99.98,384.6,25.0,9.12,15.0,0.6,2024-12-12 22:38:20+00:00,2026-02-11 04:48:34.568000+00:00,10000000.0,10000000.0,10000000.0,100.0,0.07,Low,Bullish,High Risk,425,71.61,40.72,58.1,BUY,70.41
Rifampicin,RIF,0.026216359045384094,26196600.8938846,891661.96463257,62.7311,1.59404679,20.54466909,93.95523527,685.14940224,1100.07705711,187.1174464,crypto,Solana,Small,STRONG_BUY,100,430.41,430.41,1.34,-30.193695972333334,1.34,39.83,2.45,100.0,70,99.6,100,6.02,100.0,99.92,380.82,24.94,9.04,15.0,0.6,2024-11-20 04:16:52+00:00,2026-02-11 04:48:34.568000+00:00,1000000000.0,999246342.657068,999246342.657068,99.92,0.03,Low,Bullish,Medium Risk,448,61.52,40.65,55.57,BUY,31.27
PredicTools,PREDIC,6.796310347919701e-05,0.0,14765.77411663,-24.1757,2.81407663,10.05535608,123.73658992,2171.64363237,2171.64363237,2171.64363237,crypto,Solana,Small,STRONG_BUY,100,429.06,429.06,1.18,-84.50374434452381,1.18,55.38,1.77,100.0,70,100.0,100,6.02,100.0,99.47,379.48,25.0,8.98,15.0,0.6,2026-01-16 02:24:01+00:00,2026-02-11 04:48:34.568000+00:00,1000000000.0,0.0,1000000000.0,0.0,1.0,Micro,Neutral,Medium Risk,26,53.02,40.73,53.43,BUY,15.92
TRI SIGMA,TRISIG,4.0979739028074795e-05,0.0,74710.68976506,0.3489,46.44211157,64.04219177,36.79079908,-92.13843681,-93.72497271,-86.30537801,meme,Solana,Small,STRONG_BUY,100,421.5,421.5,4.16,8.190697294904762,4.16,11.28,8.14,100.0,70,100.0,100,6.02,100.0,0.0,371.28,25.0,9.61,15.0,0.6,2024-12-30 09:50:13+00:00,2026-02-11 04:48:34.568000+00:00,0.0,0.0,999885419.0,99988541900.0,0.0,Micro,Strong Bullish,High Risk,407,60.82,42.07,55.16,BUY,154.44
Hachiko Inu,HACHIKO,0.001126973263513089,0.0,235388.06078716,295.1374,2.21058694,30.29730961,82.94023713,712.88267448,1326.54156819,1326.54156819,meme,BNB Smart Chain (BEP20),Small,STRONG_BUY,100,416.47,416.47,1.52,-28.518499462142856,1.52,33.46,2.9,100.0,70,100.0,100,6.02,100.0,98.13,366.78,25.0,9.09,15.0,0.6,2025-12-25 07:27:21+00:00,2026-02-11 04:48:34.568000+00:00,1000000000.0,0.0,959543567.0,0.0,1.0,Low,Bullish,Medium Risk,47,64.45,40.68,56.26,BUY,47.61
Goldcoin,GLC,0.006750959474690141,294891.5097186457,1641.11807007,-40.9274,-1.29552579,-2.01050877,134.81924236,71.83037532,-35.81789623,-17.22313264,crypto,Native,Small,STRONG_BUY,100,411.64,411.64,1.03,-17.44747840295238,1.03,64.33,1.53,55.65,70,97.54,100,6.02,55.65,98.71,371.77,24.63,6.29,8.35,0.6,2013-06-14 00:00:00+00:00,2026-02-11 04:48:34.568000+00:00,72245700.0,43681421.99997146,44050154.99997141,60.46,0.01,Low,Neutral,Medium Risk,4625,56.75,29.73,47.09,HOLD,2.58
Robonomics.network,XRT,0.4994120755235556,993025.7391625367,11061.65112358,-22.8994,26.59543096,232.72629861,-25.63744371,-32.25161832,-46.85418482,-59.58465837,crypto,Ethereum,Small,STRONG_BUY,100,405.32,405.32,0.56,37.129578532714284,0.56,111.54,0.89,100.0,70,98.77,100,15.13,100.0,0.0,355.1,24.82,8.89,15.0,1.51,2019-10-07 00:00:00+00:00,2026-02-11 04:48:34.568000+00:00,0.0,1988389.52406488,2199263.90022658,10.61,4.71,Low,Bearish,Low Risk,2319,23.98,41.54,45.98,HOLD,-17.09
Radx AI,RADX,1.4291708678512335e-06,0.0,106909.76987715,10.1801,0.03241922,24.09402737,83.45298782,-24.34758733,-9.02316719,-22.43820256,crypto,Solana,Small,STRONG_BUY,100,401.46,401.46,1.4,-4.886498987857143,1.4,35.06,2.77,100.0,70,100.0,100,6.02,100.0,99.18,351.78,25.0,9.08,15.0,0.6,2024-05-23 08:12:47+00:00,2026-02-11 04:48:34.568000+00:00,6250000000.0,0.0,6247861691.0,0.0,1.0,Micro,Bullish,Medium Risk,628,64.93,40.67,56.34,BUY,36.89
saffron.finance,SFI,137.77626157240078,12595986.648138342,77437.28793063,108267.5774,0.1433593,31.95461139,79.14374518,-28.49941777,-56.75916661,-32.14173888,crypto,Ethereum,Small,STRONG_BUY,100,399.74,399.74,1.52,-3.15319939547619,1.52,32.45,2.99,61.48,70,97.77,100,43.62,61.48,96.75,354.7,24.67,6.79,9.22,4.36,2020-11-09 00:00:00+00:00,2026-02-11 04:48:34.568000+00:00,100000.0,91423.48982607,92122.50184922,91.42,150.7,High,Bullish,Medium Risk,1920,66.57,31.07,50.48,BUY,47.04
Echo Protocol,ECHO,0.014951936086268287,4752622.404381238,555721.6481617,4.516,1.81259486,0.32427765,97.36830411,79.69197365,0.92695168,-38.48351449,crypto,BNB Smart Chain (BEP20),Small,STRONG_BUY,100,398.82,398.82,1.08,-13.274221336095238,1.08,45.4,2.16,100.0,70,99.88,100,6.02,100.0,98.57,349.22,24.98,9.02,15.0,0.6,2025-06-30 06:06:22+00:00,2026-02-11 04:48:34.568000+00:00,1000000000.0,317860000.0,1000000000.0,31.79,0.05,Low,Neutral,Medium Risk,225,58.04,40.66,54.61,BUY,7.17
NKN,NKN,0.012816733410517594,10215902.090301128,25289814.07733546,25.5975,23.86516997,45.71679993,51.51282932,-3.46708601,-1.96063614,-22.99715895,crypto,Native,Small,STRONG_BUY,100,398.67,398.67,3.72,1.0046596457619046,3.72,11.9,7.75,100.0,70,99.99,100,6.02,100.0,77.07,348.49,25.0,9.57,15.0,0.6,2018-05-28 00:00:00+00:00,2026-02-11 04:48:34.568000+00:00,1000000000.0,797075336.0538664,797075336.0538664,79.71,0.02,Low,Strong Bullish,High Risk,2816,83.22,41.95,60.71,BUY,204.64
Elevate,ELEVATE,0.009285901496413097,0.0,682188.76307543,287.6434,0.02423488,47.98305761,66.11121121,-86.16508453,-81.4418785,-80.63032354,crypto,Ethereum,Small,STRONG_BUY,100,395.26,395.26,1.7,2.4861402960952392,1.7,27.88,3.46,100.0,70,100.0,100,6.02,100.0,81.25,345.51,25.0,9.15,15.0,0.6,2025-11-11 22:00:00+00:00,2026-02-11 04:48:34.568000+00:00,50000000000.0,0.0,25513700090.99944,0.0,1.0,Low,Bullish,High Risk,91,65.79,40.77,56.52,BUY,53.7
WLF PROJECT,WLF,0.0005067494557861931,0.0,51178.50392414,9.9012,-5.04740039,47.85143858,67.47871319,149.96171095,-22.16481382,-60.68238623,crypto,Ethereum,Small,STRONG_BUY,100,389.78,389.78,1.54,-5.553329631523809,1.54,30.63,3.16,100.0,70,100.0,100,6.02,100.0,81.02,340.07,25.0,9.12,15.0,0.6,2025-03-24 07:34:04+00:00,2026-02-11 04:48:34.568000+00:00,20000000000.0,0.0,2953516667.0,0.0,1.0,Micro,Bullish,High Risk,323,61.98,40.72,55.56,BUY,41.07
Zeus (truezeuscoin.com),ZEUS,2.0460455571683247e-08,8607509.054451425,55438.14058655,-58.9092,-14.75263955,-42.13962907,156.74379464,9006.41737652,2007.23877741,5009.32014702,meme,Ethereum,Small,STRONG_BUY,100,389.29,389.29,0.71,-323.40103706885714,0.71,88.01,1.12,64.41,70,97.87,100,6.02,64.41,96.01,347.57,24.68,6.78,9.66,0.6,2025-05-22 13:16:04+00:00,2026-02-11 04:48:34.568000+00:00,420690000000000.0,420690000000000.0,420690000000000.0,100.0,0.0,Micro,Bearish,Medium Risk,264,19.48,32.25,39.08,HOLD,-22.94
